-- phpMyAdmin SQL Dump
-- version 5.2.1
-- https://www.phpmyadmin.net/
--
-- Host: 127.0.0.1
-- Generation Time: Oct 27, 2025 at 02:19 AM
-- Server version: 10.4.32-MariaDB
-- PHP Version: 8.2.12

SET SQL_MODE = "NO_AUTO_VALUE_ON_ZERO";
START TRANSACTION;
SET time_zone = "+00:00";


/*!40101 SET @OLD_CHARACTER_SET_CLIENT=@@CHARACTER_SET_CLIENT */;
/*!40101 SET @OLD_CHARACTER_SET_RESULTS=@@CHARACTER_SET_RESULTS */;
/*!40101 SET @OLD_COLLATION_CONNECTION=@@COLLATION_CONNECTION */;
/*!40101 SET NAMES utf8mb4 */;

--
-- Database: `penjualan`
--

-- --------------------------------------------------------

--
-- Table structure for table `detail_penjualan`
--

CREATE TABLE `detail_penjualan` (
  `id` int(11) NOT NULL,
  `id_penjualan` int(11) DEFAULT NULL,
  `id_produk` int(11) DEFAULT NULL,
  `jumlah` int(11) DEFAULT NULL,
  `subtotal` int(11) DEFAULT NULL
) ENGINE=InnoDB DEFAULT CHARSET=utf8mb4 COLLATE=utf8mb4_general_ci;

--
-- Dumping data for table `detail_penjualan`
--

INSERT INTO `detail_penjualan` (`id`, `id_penjualan`, `id_produk`, `jumlah`, `subtotal`) VALUES
(1, 1, 1, 2, 10000),
(2, 2, 1, 1, 5000),
(3, 2, 2, 2, 20000),
(4, 3, 3, 1, 20000),
(5, 3, 2, 1, 10000),
(6, 4, 4, 3, 16500);

-- --------------------------------------------------------

--
-- Table structure for table `penjualan`
--

CREATE TABLE `penjualan` (
  `id` int(11) NOT NULL,
  `tanggal` datetime DEFAULT current_timestamp(),
  `total` int(11) DEFAULT NULL
) ENGINE=InnoDB DEFAULT CHARSET=utf8mb4 COLLATE=utf8mb4_general_ci;

--
-- Dumping data for table `penjualan`
--

INSERT INTO `penjualan` (`id`, `tanggal`, `total`) VALUES
(1, '2025-10-21 10:23:19', 10000),
(2, '2025-10-21 13:41:15', 25000),
(3, '2025-10-22 13:46:22', 30000),
(4, '2025-10-22 14:48:28', 16500);

-- --------------------------------------------------------

--
-- Table structure for table `produk`
--

CREATE TABLE `produk` (
  `id` int(11) NOT NULL,
  `nama_produk` varchar(100) DEFAULT NULL,
  `harga` int(11) DEFAULT NULL,
  `stok` int(11) DEFAULT NULL,
  `kategori` varchar(50) DEFAULT NULL,
  `gambar` varchar(255) DEFAULT NULL
) ENGINE=InnoDB DEFAULT CHARSET=utf8mb4 COLLATE=utf8mb4_general_ci;

--
-- Dumping data for table `produk`
--

INSERT INTO `produk` (`id`, `nama_produk`, `harga`, `stok`, `kategori`, `gambar`) VALUES
(1, 'Deterjen', 5000, 7, 'Sabun', NULL),
(2, 'Beras 1L', 10000, 20, 'Sembako', '1761093698_68f82842ad880.png'),
(3, 'Cokelat Batang', 20000, 9, 'Snack', ''),
(4, 'Air Botol 600ml', 5500, 7, 'Minuman', '1761118515_68f8893300b9f.jpg');

--
-- Indexes for dumped tables
--

--
-- Indexes for table `detail_penjualan`
--
ALTER TABLE `detail_penjualan`
  ADD PRIMARY KEY (`id`),
  ADD KEY `id_penjualan` (`id_penjualan`),
  ADD KEY `id_produk` (`id_produk`);

--
-- Indexes for table `penjualan`
--
ALTER TABLE `penjualan`
  ADD PRIMARY KEY (`id`);

--
-- Indexes for table `produk`
--
ALTER TABLE `produk`
  ADD PRIMARY KEY (`id`);

--
-- AUTO_INCREMENT for dumped tables
--

--
-- AUTO_INCREMENT for table `detail_penjualan`
--
ALTER TABLE `detail_penjualan`
  MODIFY `id` int(11) NOT NULL AUTO_INCREMENT, AUTO_INCREMENT=7;

--
-- AUTO_INCREMENT for table `penjualan`
--
ALTER TABLE `penjualan`
  MODIFY `id` int(11) NOT NULL AUTO_INCREMENT, AUTO_INCREMENT=5;

--
-- AUTO_INCREMENT for table `produk`
--
ALTER TABLE `produk`
  MODIFY `id` int(11) NOT NULL AUTO_INCREMENT, AUTO_INCREMENT=5;

--
-- Constraints for dumped tables
--

--
-- Constraints for table `detail_penjualan`
--
ALTER TABLE `detail_penjualan`
  ADD CONSTRAINT `detail_penjualan_ibfk_1` FOREIGN KEY (`id_penjualan`) REFERENCES `penjualan` (`id`),
  ADD CONSTRAINT `detail_penjualan_ibfk_2` FOREIGN KEY (`id_produk`) REFERENCES `produk` (`id`);
COMMIT;

/*!40101 SET CHARACTER_SET_CLIENT=@OLD_CHARACTER_SET_CLIENT */;
/*!40101 SET CHARACTER_SET_RESULTS=@OLD_CHARACTER_SET_RESULTS */;
/*!40101 SET COLLATION_CONNECTION=@OLD_COLLATION_CONNECTION */;
